NN;Nom;Prenom;Annee;Trimestre;BrutTrimestriel
80072964619;Garcia;Fatima;2025;2;1859.57
81070964163;Dufour;Fatima;2025;2;648.62
78073161149;Simon;Maxime;2025;2;3671.72
93100353936;Henry;Thomas;2025;2;3846.66
81071155886;Fontaine;Charlotte;2025;2;6625.45
93021077717;Fabre;Adam;2025;2;1643.97
91000288197;Michel;Quentin;2025;2;320.20
2061624963;Dumas;Leïla;2025;2;4871.72
89110259530;Lucas;Damien;2025;2;3425.39
93000304572;Lucas;Khalid;2025;2;2103.45
89020555019;Renaud;Sébastien;2025;2;3662.10
86093063543;Roy;Youssef;2025;2;5966.19
4090532589;Rey;Sébastien;2025;2;2722.72
67031571371;Philippe;Fatima;2025;2;2157.56
6122527686;Fontaine;Laura;2025;2;4678.25
92092061405;Boyer;Thomas;2025;2;1306.59
94123158855;Benoit;Mehdi;2025;2;4098.62
85112352268;Marie;Vincent;2025;2;5297.84
97052087020;Brunet;Céline;2025;2;3225.90
94092870606;Gauthier;Quentin;2025;2;7353.75
93050259275;Lambert;Julien;2025;2;2501.02
91123177301;Colin;Youssef;2025;2;1903.96
94071053920;Barbier;Cédric;2025;2;1716.96
5041258392;Brunet;Manon;2025;2;3592.70
40463182;Schmitt;Inès;2025;2;2170.80
94011073573;Schmitt;Aïcha;2025;2;1405.65
88042453935;Colin;Adam;2025;2;918.68
84011088997;Meunier;Karim;2025;2;372.19
251536;Fontaine;Benjamin;2025;2;2693.97
94022054369;Brunet;Émilie;2025;2;4650.05
94021574121;Leclerc;Pauline;2025;2;1673.44
72082154406;Caron;Nicolas;2025;2;806.04
50353917;Caron;Inès;2025;2;6795.18
97080577108;Marchand;Céline;2025;2;3406.67
93110572390;Bourgeois;Khalid;2025;2;2945.65
5010550964;François;Bilal;2025;2;2066.39
81122650911;Boyer;Khalid;2025;2;1118.12
97042656145;Dumas;Leïla;2025;2;17704.87
87050169372;Garcia;Antoine;2025;2;1225.91
95062469243;Colin;Camille;2025;2;3767.35
72000210289;Laurent;Cédric;2025;2;5834.55
92072478786;Fabre;Samira;2025;2;3291.45
89111950201;Nguyen;Nicolas;2025;2;4514.59
74040181360;Renaud;Grégory;2025;2;303.97
90092869332;Dumas;Cédric;2025;2;4608.74
85102055719;Payet;Charlotte;2025;2;3615.35
94062369252;Barbier;Mehdi;2025;2;2001.85
91122372694;Muller;Damien;2025;2;5281.91
88012167862;Vincent;Leïla;2025;2;8649.88
85121671196;Guérin;Samira;2025;2;132.92
6093038302;Blanc;Leïla;2025;2;1081.83
91031746683;Perrin;Julien;2025;2;2008.31
5000081102;Dufour;Nora;2025;2;2195.16
91112570350;Gautier;Rachid;2025;2;10622.80
82031906739;Giraud;Sébastien;2025;2;4085.14
4000076131;Fontaine;Sarah;2025;2;2655.06
95121272425;Clément;Charlotte;2025;2;4124.93
90070759864;Simon;Nadia;2025;2;315.97
86071860432;Olivier;Khalid;2025;2;1429.33
88061361512;Noël;Camille;2025;2;2578.88
94000343393;Petit;Camille;2025;2;5650.30
3080231960;Rivière;Thomas;2025;2;3957.08
89061978274;Martin;Salima;2025;2;1209.00
86042743309;Marie;Thomas;2025;2;2843.14
98122375617;Roussel;Nadia;2025;2;2922.44
81122860648;Lefebvre;Anissa;2025;2;6026.05
2080249953;Roche;Vincent;2025;2;1392.91
87000239514;Roger;Valérie;2025;2;1662.29
92082572924;Fabre;Sophie;2025;2;8942.81
82080165130;Renard;Khalid;2025;2;5677.78
73102056649;Dubois;Grégory;2025;2;1856.73
87101069331;Legrand;Marine;2025;2;1127.69
6013167512;Vidal;Sébastien;2025;2;8193.55
93010765132;Brunet;Delphine;2025;2;3976.91
95051279995;Henry;Laura;2025;2;1809.75
90071722837;Blanchard;Émilie;2025;2;4550.17
89040772688;Boyer;Benjamin;2025;2;4708.63
2000222379;Masson;Sophie;2025;2;1325.93
79121557737;Roche;Ibrahim;2025;2;4088.08
92091882845;Lambert;Quentin;2025;2;6959.24
76022858786;Brun;Nicolas;2025;2;13143.56
6061354142;Durand;Nicolas;2025;2;1774.34
83052666443;Mathieu;Aurélie;2025;2;7088.01
81000087055;Gautier;Aurélie;2025;2;4834.24
97030165713;Lemoine;Sébastien;2025;2;1255.59
84081254146;Moreau;Amélie;2025;2;7879.03
87091570853;Lambert;Sébastien;2025;2;3727.49
89071279584;Michel;Antoine;2025;2;5902.59
90072670170;Michel;Cédric;2025;2;12956.62
92040670211;Fontaine;Yasmina;2025;2;4964.13
72122450877;Meunier;Louis;2025;2;2181.98
84100178351;Denis;Vincent;2025;2;4005.72
2031729068;Schmitt;Antoine;2025;2;5015.94
88061078727;Brun;Benjamin;2025;2;4076.35
4032251724;Blanc;Grégory;2025;2;3542.13
91113054558;Michel;Claire;2025;2;8791.96
2122751987;Henry;Vincent;2025;2;4261.59
98050165748;Simon;Romain;2025;2;5266.78
81010275124;Picard;Émilie;2025;2;10595.28
5052455360;Mercier;Amélie;2025;2;2568.80
79090949485;Lemaire;Chloé;2025;2;1766.81
85041267502;Lambert;Manon;2025;2;3161.15
93050787629;Lemoine;Nora;2025;2;1008.95
1011057357;Rivière;Delphine;2025;2;587.06
72122169082;Henry;Anissa;2025;2;7743.87
1062755189;Rey;Benjamin;2025;2;539.22
90000327768;Boyer;Laura;2025;2;11302.29
88021357227;Blanchard;Ibrahim;2025;2;9897.99
90030774088;Meyer;Anissa;2025;2;8272.06
84041760892;Clément;Vincent;2025;2;4766.94
3000284560;Garcia;Manon;2025;2;3062.11
92120648887;Blanchard;Adam;2025;2;6134.90
95120252836;Lemoine;Mehdi;2025;2;2735.78
6103154115;Lefebvre;Samira;2025;2;3172.97
90011074774;Dumont;Delphine;2025;2;5354.18
93091394007;Dumont;Maxime;2025;2;2950.29
88102351633;Moreau;Chloé;2025;2;258.78
87010571695;Giraud;Thomas;2025;2;5981.71
3052647536;Dufour;Nicolas;2025;2;9728.14
99061578117;Clément;Émilie;2025;2;8153.87
80010958061;François;Pierre;2025;2;6315.60
79091467644;Barbier;Amélie;2025;2;8937.09
68071259042;Clément;Émilie;2025;2;3614.28
93092486840;Moreau;Émilie;2025;2;5024.40
99050848135;Lemaire;Mathieu;2025;2;718.54
88010355447;Boyer;Grégory;2025;2;5763.43
99091264273;Leroy;Vincent;2025;2;8350.86
82633834;Roussel;Aïcha;2025;2;2736.32
4041544027;Lambert;Pauline;2025;2;870.13
80000131475;Marie;Romain;2025;2;4547.59
93032858168;Bernard;Laura;2025;2;3482.34
98111373837;Rivière;Samira;2025;2;1550.35
93061349345;Lemoine;Nora;2025;2;8455.29
89111367013;Masson;Romain;2025;2;4539.98
92000090260;Bernard;Claire;2025;2;716.05
96052380769;Meunier;Rachid;2025;2;6358.53
94120261525;Dumas;Nassim;2025;2;8545.08
92071524921;Moreau;Benjamin;2025;2;3801.62
21749310;Mercier;Bilal;2025;2;6315.82
95041369169;Dumont;Élise;2025;2;6382.77
3111743795;Mathieu;Camille;2025;2;1723.94
83000215573;Lucas;Sophie;2025;2;2665.72
3021448772;Arnaud;Khalid;2025;2;5705.90
88041584992;Marchand;Benjamin;2025;2;2070.26
88111567623;Vincent;Camille;2025;2;449.98
97052980212;Michel;Grégory;2025;2;492.80
99101870828;Masson;Camille;2025;2;3753.96
74013055311;Roussel;Fatima;2025;2;1874.63
88000243988;Dumont;Camille;2025;2;564.29
78090564137;Barbier;Ibrahim;2025;2;1724.34
68091663387;Boyer;Sébastien;2025;2;1042.27
97121272962;Lefebvre;Leïla;2025;2;15610.82
91030881504;Leroy;Émilie;2025;2;12879.69
97040559658;Perrin;Nora;2025;2;7775.56
5000085357;Gautier;Hugo;2025;2;11204.58
91060575677;Garcia;Nora;2025;2;1524.65
88092973515;Arnaud;Youssef;2025;2;8856.02
84082762297;Perrin;Sarah;2025;2;2495.46
92020860930;Picard;Sébastien;2025;2;1810.75
91081562321;Lemaire;François;2025;2;831.19
94122973565;Philippe;Nassim;2025;2;5824.95
93032055345;Martin;Nicolas;2025;2;2280.47
91061479856;Petit;Nora;2025;2;7435.69
76111854209;Gérard;Romain;2025;2;1198.76
97032172920;Lambert;Céline;2025;2;4366.46
74121664033;Vidal;Nassim;2025;2;2882.86
89100270411;Payet;Sophie;2025;2;5480.77
96102746931;Nguyen;Nadia;2025;2;1264.05
1081931792;Fontaine;Maxime;2025;2;983.30
94013061677;Brun;Amélie;2025;2;4598.46
84102696985;Martin;Élise;2025;2;5245.45
96040170746;Joly;Rachid;2025;2;2802.53
92050871542;Rey;François;2025;2;14593.90
96100181973;Rousseau;Grégory;2025;2;2916.20
97091578787;Petit;Camille;2025;2;2282.19
85092667802;Denis;François;2025;2;10186.47
62351332;Legrand;Charlotte;2025;2;8607.18
88031352284;Moreau;Anissa;2025;2;8671.97
79081848808;Gaillard;Louis;2025;2;3866.41
85070368490;Colin;Mehdi;2025;2;2929.55
83052570037;Denis;Yasmina;2025;2;6204.36
81112068508;Leroy;Inès;2025;2;5451.66
87000245353;Legrand;Inès;2025;2;6521.52
80042060815;Muller;Nora;2025;2;4260.75
89123058580;Lacroix;Élise;2025;2;3684.89
4122753318;Legrand;Valérie;2025;2;8142.20
98042472559;Rey;Salima;2025;2;643.77
96051584973;Muller;Anissa;2025;2;2538.35
87021455293;Leroy;Leïla;2025;2;31165.50
90090474026;Gautier;Julien;2025;2;1456.76
1122644771;Clément;Thomas;2025;2;3278.16
7071758701;Aubert;Nicolas;2025;2;3120.99
92082473845;Bourgeois;Sébastien;2025;2;1511.60
88012073337;Guérin;Julien;2025;2;851.26
82051771052;Guérin;Delphine;2025;2;10818.78
97111648780;Marie;Louis;2025;2;10633.36
76042063697;Perrin;François;2025;2;10060.08
92051540644;Schmitt;Maxime;2025;2;9579.94
4021749988;Colin;Justine;2025;2;765.02
91110154060;Lambert;Nicolas;2025;2;5539.21
7011057584;Lemoine;Nassim;2025;2;1770.16
91120675095;Picard;Leïla;2025;2;4379.67
5000083971;Joly;Marine;2025;2;3223.42
254902;Dumas;Benjamin;2025;2;3255.15
99081778762;Blanchard;Cédric;2025;2;3435.95
86000227120;Petit;Sophie;2025;2;3693.99
99111676835;Dubois;Cédric;2025;2;2791.21
4020239857;Leroy;Sarah;2025;2;12208.27
92022770444;Gérard;Sébastien;2025;2;6721.62
77041579512;Roy;Justine;2025;2;1184.45
97032779367;Boyer;Anissa;2025;2;407.16
87030166190;Chevalier;Yasmina;2025;2;5562.95
84081665506;Blanchard;Romain;2025;2;4395.84
93101062432;Caron;Julien;2025;2;2055.67
97070372708;Pierre;Amélie;2025;2;9287.25
60011156284;Chevalier;Chloé;2025;2;2718.81
95061064822;Gérard;Samira;2025;2;1928.80
72050971181;Giraud;Olivier;2025;2;1248.48
87030373751;Brun;Sébastien;2025;2;559.79
82012770520;Legrand;Nassim;2025;2;5898.76
97000307529;Clément;Karim;2025;2;12773.54
4011127795;Gérard;Claire;2025;2;3248.84
88060671525;Noël;Justine;2025;2;1163.99
85091667613;Roy;Sébastien;2025;2;6795.51
96110570376;Giraud;Charlotte;2025;2;1242.73
80000317557;Picard;Valérie;2025;2;3157.49
1121351505;Masson;Camille;2025;2;1613.43
4103135166;Colin;Sophie;2025;2;671.07
88011860531;Arnaud;Élise;2025;2;11954.43
89022873220;Blanchard;François;2025;2;455.38
93021275180;Noël;Camille;2025;2;8457.45
92062058315;Leroy;Damien;2025;2;4430.52
92101068844;Philippe;Adam;2025;2;5540.34
4011039507;Roche;Nicolas;2025;2;5408.40
99020280366;Noël;Élise;2025;2;5893.67
74000310303;Gaillard;Anissa;2025;2;2899.00
88050965783;Pierre;Grégory;2025;2;4817.18
72072072542;Morin;Nassim;2025;2;2187.10
86062083525;Blanc;François;2025;2;6196.09
4121830729;Garcia;Fatima;2025;2;893.07
88091157734;Lefebvre;Céline;2025;2;5776.26
77100250852;Mathieu;Amélie;2025;2;3323.33
99010572151;Lemaire;Karim;2025;2;6650.10
64112057453;Noël;Rachid;2025;2;4907.93
86082670685;Dumont;Claire;2025;2;3874.69
96092580341;Mercier;Valérie;2025;2;2.43
96030670189;Lemoine;Olivier;2025;2;5083.72
92051974174;Aubert;Inès;2025;2;2633.09
88112365595;Petit;Élise;2025;2;2652.35
95112068907;Brun;Valérie;2025;2;3631.76
88071577788;Giraud;Nassim;2025;2;2597.85
81072560705;Fontaine;Rachid;2025;2;13158.05
79102367771;Joly;Fatima;2025;2;6137.41
87032080654;Gérard;Pauline;2025;2;2768.36
91101083273;Renaud;Khalid;2025;2;3008.93
77022565532;Picard;Pauline;2025;2;2536.57
81020161008;Mathieu;Delphine;2025;2;1333.11
80021057246;Guérin;Nora;2025;2;2340.98
83000104024;Muller;Karim;2025;2;13551.99
91120966689;Philippe;Antoine;2025;2;5555.27
92030577459;Lemoine;Khalid;2025;2;748.73
99011663006;Legrand;Samira;2025;2;6418.91
122332766;Garcia;Salima;2025;2;1351.55
87062762843;Olivier;Antoine;2025;2;7413.36
20254520;Gérard;Karim;2025;2;3219.45
99020656686;Barbier;Thomas;2025;2;7357.56
97031558751;Leclerc;Grégory;2025;2;3601.41
95000076863;Brunet;Salima;2025;2;1792.33
93080863468;Fontaine;Yasmina;2025;2;3178.89
80071956017;Lemaire;Nassim;2025;2;5408.61
85000091297;Blanc;Romain;2025;2;1745.42
91020267130;Petit;Nora;2025;2;2983.32
99030380046;Benoit;Ibrahim;2025;2;6.07
2090649442;Caron;Leïla;2025;2;5475.71
93121847453;Garnier;Nicolas;2025;2;4195.47
96030772733;Roy;François;2025;2;5425.75
99031447145;Leclerc;Olivier;2025;2;4685.98
4030628062;Bernard;Youssef;2025;2;6071.11
1011751995;Mathieu;Inès;2025;2;660.73
93071969558;Barbier;Sébastien;2025;2;7644.85
91080869661;Rousseau;Pauline;2025;2;2233.99
90031269283;Leroy;Antoine;2025;2;3740.41
83030869157;Lemoine;Laura;2025;2;14341.44
12748106;Vincent;Cédric;2025;2;7306.04
2022247814;Gauthier;Quentin;2025;2;2679.40
79050766444;Masson;Hugo;2025;2;3074.14
90071774505;Roy;Julien;2025;2;2777.83
6000065582;Laurent;Leïla;2025;2;620.45
84072669448;Dumont;Quentin;2025;2;5631.60
92000077887;Barbier;Bilal;2025;2;3449.43
5061741131;Joly;Damien;2025;2;2026.56
71637596;Renaud;Romain;2025;2;7044.13
94022861746;Robin;Nicolas;2025;2;5987.11
83101558995;Garcia;Charlotte;2025;2;9980.29
88051562928;Roger;Samira;2025;2;569.94
98092280475;Boyer;Olivier;2025;2;5329.49
80000157805;Gérard;Benjamin;2025;2;1334.35
99012876890;Blanc;Hugo;2025;2;8801.29
90061174185;Lacroix;Anissa;2025;2;15550.12
52829296;Giraud;Laura;2025;2;3876.62
83000100658;Mathieu;Leïla;2025;2;2911.93
85032868587;Philippe;Nassim;2025;2;8745.46
85072966904;Meunier;Élise;2025;2;3984.48
96112276982;Dumas;Sébastien;2025;2;1126.79
6090934390;Perrin;Antoine;2025;2;2908.70
96053064719;Muller;Cédric;2025;2;5438.88
97071180677;Meyer;Adam;2025;2;2546.95
5122751359;Pierre;Camille;2025;2;1525.53
1080150556;Marchand;Bilal;2025;2;1294.22
80012166997;Joly;Julien;2025;2;10503.52
93040671915;Arnaud;Aïcha;2025;2;1200.08
3000289114;Morin;Camille;2025;2;1457.85
98102546144;Duval;Sébastien;2025;2;1740.10
83121567721;Fontaine;Aïcha;2025;2;2336.31
1020655508;Masson;Élise;2025;2;2552.25
98081561579;Fontaine;François;2025;2;4735.72
99121958439;Martin;Rachid;2025;2;1114.99
94011562236;Lemoine;Ibrahim;2025;2;6293.19
86121357057;Lefebvre;Camille;2025;2;7059.53
80052663113;Picard;Maxime;2025;2;272.28
99101053949;Vincent;Camille;2025;2;7367.07
96022568315;Marchand;Aurélie;2025;2;1100.53
89020706457;Laurent;Émilie;2025;2;1829.39
80456381;Aubert;Damien;2025;2;7008.28
95081674253;Lefebvre;Karim;2025;2;7190.88
85061510709;Gaillard;Mehdi;2025;2;1710.55
82020566548;Renard;Youssef;2025;2;3286.97
83120555258;Bourgeois;Chloé;2025;2;2584.84
86071070574;Gaillard;Karim;2025;2;1074.45
87030164905;Brun;Marine;2025;2;1092.35
85072256131;Lambert;Nicolas;2025;2;1438.84
30651336;Brun;Bilal;2025;2;248.94
94020173361;Aubert;Camille;2025;2;10493.50
98042271730;Vincent;Ibrahim;2025;2;730.41
85120363181;Roy;Manon;2025;2;3895.11
89081348085;Dumont;Laura;2025;2;2757.33
71081458656;Petit;Delphine;2025;2;4849.68
60121851595;Marie;Inès;2025;2;5757.99
98040548989;Vidal;Nicolas;2025;2;2010.66
95000443978;Benoit;Sarah;2025;2;4888.61
94091681365;Lambert;Vincent;2025;2;6646.79
4110129658;Martin;Romain;2025;2;5169.12
79112454484;Renaud;Nora;2025;2;5850.21
92041860143;Renaud;Sébastien;2025;2;1907.30
77051865173;Caron;Cédric;2025;2;4473.88
86060157777;Laurent;Nora;2025;2;3932.86
75052264910;Masson;Grégory;2025;2;7480.36
2000220302;Laurent;Nora;2025;2;3108.53
52550867;Vincent;Manon;2025;2;9392.70
4062354584;Muller;Salima;2025;2;2856.59
87030267150;Barbier;Antoine;2025;2;5452.80
83101463381;Roy;Nicolas;2025;2;7148.16
72030174183;Muller;Justine;2025;2;6033.67
89071649768;Muller;Cédric;2025;2;711.12
91042372242;Dufour;Damien;2025;2;5428.45
94010481873;Roche;Chloé;2025;2;3720.25
88122969774;Laurent;Aurélie;2025;2;7838.51
61060166348;Lacroix;Benjamin;2025;2;1998.80
204917;Bernard;Cédric;2025;2;11448.37
91000270381;Fontaine;Mehdi;2025;2;1190.68
82052569521;Dufour;Amélie;2025;2;6223.75
97000280310;Rousseau;Inès;2025;2;423.33
99012271730;Renaud;Inès;2025;2;984.19
93021175113;Leclerc;Delphine;2025;2;3565.53
1072930588;Roussel;Inès;2025;2;12067.09
87050471062;Boyer;Youssef;2025;2;8353.51
96110465359;Lucas;Sarah;2025;2;5991.29
84100461037;Lemaire;Grégory;2025;2;686.08
95092459168;Roger;Samira;2025;2;1786.39
94072078952;Robin;Pierre;2025;2;851.50
82041157371;Gauthier;Aurélie;2025;2;2806.80
90120469790;Lucas;Sébastien;2025;2;8852.64
02040943969;Leclerc;Nora;2025;2;7981.30
98052411990;Lucas;Marine;2025;2;6232.07
01011012520;Bernard;Leïla;2025;2;3964.43
97020578054;Roy;Salima;2025;2;196.87
88121154389;Garnier;Fatima;2025;2;4788.53
2070626365;Giraud;Justine;2025;2;2060.57
87081646466;Gauthier;Élise;2025;2;6578.42
85061917218;Perrin;Nadia;2025;2;1827.29
2012030447;Garnier;Nadia;2025;2;6755.03
82080466622;Lemaire;Sophie;2025;2;5589.19
1010563152;Dufour;Delphine;2025;2;2860.50
84042096137;Lacroix;Thomas;2025;2;831.54
98072774369;Blanc;Sophie;2025;2;3708.52
90042051626;Masson;Youssef;2025;2;3548.49
85060302167;Leroy;Aïcha;2025;2;1081.58
88090748651;Garnier;Olivier;2025;2;10969.22
80082069949;Lacroix;Damien;2025;2;2298.62
82071635761;Aubert;Grégory;2025;2;11140.38
96020837161;Pierre;Pierre;2025;2;3103.64
83011220719;Caron;Inès;2025;2;15926.03
03040647646;Clément;Salima;2025;2;4271.99
82052222301;Petit;Olivier;2025;2;498.94
94061683027;Gaillard;Sophie;2025;2;3459.82
87030966144;Bourgeois;Laura;2025;2;2008.29
82120607794;Aubert;Hugo;2025;2;22468.54
87031186670;Vincent;Maxime;2025;2;43586.19
81052286121;Bernard;Maxime;2025;2;2403.22
85042079629;Benoit;Marine;2025;2;972.91
92011470736;Roussel;Sarah;2025;2;1899.86
80071785771;Bernard;Sarah;2025;2;1225.77
1032643520;Fabre;François;2025;2;3955.11
02041983948;Morin;Maxime;2025;2;3755.19
92030492337;Mercier;Louis;2025;2;3753.61
21928858;Philippe;Élise;2025;2;6694.10
86080494125;Brun;Aurélie;2025;2;4111.84
98070790225;Perrin;Laura;2025;2;3777.83
81030806955;Colin;Justine;2025;2;1117.17
94102827853;Meunier;Antoine;2025;2;1975.50
01032147335;Masson;Khalid;2025;2;4040.07
82091028734;Chevalier;Karim;2025;2;1675.50
94062461304;Marie;Amélie;2025;2;1396.03
80042886602;Brunet;Leïla;2025;2;7244.71
87061181545;Brunet;Maxime;2025;2;8539.10
85021555122;Blanchard;Rachid;2025;2;4654.83
93112667491;Roy;François;2025;2;4380.23
92110456563;Laurent;Damien;2025;2;1237.66
87090520778;Boyer;Quentin;2025;2;745.96
1082251991;Rey;Quentin;2025;2;5673.84
03032294857;Renard;Julien;2025;2;294.27
87050535992;Dufour;Valérie;2025;2;9854.46
90091771846;Meyer;Hugo;2025;2;817.48
04060587897;Garcia;Nora;2025;2;1180.08
84061748634;Morin;Mathieu;2025;2;6061.01
94091603963;Dufour;Maxime;2025;2;3621.93
84082554540;Schmitt;Mehdi;2025;2;2588.82
83010172030;Caron;Nassim;2025;2;5674.99
93082068050;Perrin;Sébastien;2025;2;375.52
79050170982;Rivière;Thomas;2025;2;2311.54
00041328660;Giraud;Bilal;2025;2;6263.28
03072508780;Bernard;Sébastien;2025;2;1068.11
81090243211;Fabre;Olivier;2025;2;822.91
89062430117;Blanchard;Ibrahim;2025;2;7993.13
04030573525;Roger;Mehdi;2025;2;910.96
80111788670;Roussel;Émilie;2025;2;5050.30
99060552192;Meunier;Nassim;2025;2;769.13
84041966671;Nguyen;Nicolas;2025;2;7678.65
89111177070;Brunet;Anissa;2025;2;8881.94
87081760886;Gautier;Adam;2025;2;1852.07
84041427431;Lambert;Sébastien;2025;2;1947.33
81012162070;Joly;Bilal;2025;2;2637.40
2090954991;Arnaud;Karim;2025;2;5518.32
110429876;François;Claire;2025;2;1478.39
89040199202;Martin;Youssef;2025;2;6028.22
82153881;Aubert;Pierre;2025;2;446.32
81091899040;Nguyen;Marine;2025;2;7489.44
91092779182;Gautier;Mathieu;2025;2;1398.37
85071261484;Simon;Nadia;2025;2;4005.03
90020569787;Gérard;Olivier;2025;2;9949.40
84042679028;Masson;Thomas;2025;2;5913.62
93042472452;Leroy;Sophie;2025;2;1839.49
85101526573;Renard;Romain;2025;2;2098.80
88040760987;Vidal;Romain;2025;2;3723.22
99062192185;Rousseau;Fatima;2025;2;1367.78
95032338865;Garcia;Thomas;2025;2;4809.86
84121092442;Garnier;Yasmina;2025;2;136.24
86022634912;Gautier;Fatima;2025;2;1234.90
84051760901;Philippe;Olivier;2025;2;5393.36
1091252207;Fabre;Marine;2025;2;5698.87
21855515;Roy;Mehdi;2025;2;4208.35
86042622058;Blanc;Salima;2025;2;2124.62
77122070706;Roger;Youssef;2025;2;6689.70
82090659243;Garcia;Chloé;2025;2;2505.26
88112880289;Payet;Nicolas;2025;2;699.85
03040723959;Blanchard;Élise;2025;2;1037.68
83041116614;Michel;Grégory;2025;2;6106.87
94052040633;Mercier;Damien;2025;2;2395.48
92110611763;Muller;Marine;2025;2;350.72
62652923;Gauthier;Bilal;2025;2;5376.96
86110334887;Barbier;Mathieu;2025;2;926.27
00012667734;Michel;Camille;2025;2;723.00
89010796324;Gautier;Mehdi;2025;2;4434.41
87081323297;Lacroix;Élise;2025;2;7871.14
94121180154;Clément;Thomas;2025;2;3032.49
95010729740;Rivière;Sébastien;2025;2;9438.66
93111912475;Joly;Cédric;2025;2;2166.38
92062398112;Lambert;Anissa;2025;2;4063.50
82122562246;Giraud;Nicolas;2025;2;930.47
88022750562;Lacroix;Aïcha;2025;2;12419.92
03021179647;Fontaine;Thomas;2025;2;1475.32
94070674729;Lucas;Marine;2025;2;5708.09
95050121836;Arnaud;Youssef;2025;2;235.83
83040815914;Leclerc;Mathieu;2025;2;9508.52
82021498243;Rivière;Salima;2025;2;7611.11
99051357978;Caron;Olivier;2025;2;2834.54
82021885946;Lefebvre;Cédric;2025;2;487.15
92090649262;Martin;Marine;2025;2;972.45
80122747987;Lefebvre;Manon;2025;2;5043.63
83030944084;Fontaine;Bilal;2025;2;4537.82
81062401736;Robin;Bilal;2025;2;5723.10
97121173883;Dufour;Laura;2025;2;2196.12
86092818667;Nguyen;Aurélie;2025;2;3250.71
113064318;Blanchard;Aïcha;2025;2;2587.90
85011951528;Giraud;Grégory;2025;2;1808.20
95012545422;Aubert;Youssef;2025;2;11526.86
87011164682;Bernard;Yasmina;2025;2;1327.12
01062408365;Blanc;Émilie;2025;2;2744.38
3062452850;Barbier;Vincent;2025;2;4611.55
90030912066;Benoit;Céline;2025;2;7513.35
99012804834;Henry;Maxime;2025;2;2992.05
92082875109;Caron;Nora;2025;2;1268.93
02041947227;Renaud;Mehdi;2025;2;3100.43
99091583977;Renard;Émilie;2025;2;2420.16
86062334933;Brunet;Romain;2025;2;6803.69
83122488825;Meyer;Marine;2025;2;1989.86
82032461520;Gaillard;Marine;2025;2;6701.10
95052372632;Gautier;Valérie;2025;2;4993.21
02010951668;Roussel;Karim;2025;2;2599.87
91022848320;Mercier;François;2025;2;1227.88
90090367029;Morin;Valérie;2025;2;2092.68
86112709112;Denis;Mehdi;2025;2;519.68
81092650690;Mercier;Nassim;2025;2;588.65
89080137763;Garcia;Adam;2025;2;2562.53
98051274617;Moreau;Céline;2025;2;1024.63
95051281282;Moreau;Grégory;2025;2;1734.24
75022456909;Legrand;Nadia;2025;2;2693.61
00032299445;Fontaine;Pierre;2025;2;10100.06
72090961511;Picard;Quentin;2025;2;4079.38
91011691340;Morin;Salima;2025;2;14360.17
87051280617;Dumont;Leïla;2025;2;4492.50
88092669251;Morin;Charlotte;2025;2;2760.02
98000325762;Legrand;Vincent;2025;2;2827.00
1020748350;Durand;Laura;2025;2;666.01
3071048337;Gauthier;Grégory;2025;2;716.82
94022177105;Perrin;Antoine;2025;2;3793.17
96020563581;Brun;Charlotte;2025;2;1422.39
84092234447;Rousseau;Anissa;2025;2;7039.60
96102062684;Dumont;Vincent;2025;2;8850.19
91041694826;Durand;Damien;2025;2;3517.61
04012248344;Mercier;Mehdi;2025;2;3116.18
95030478841;Leroy;Benjamin;2025;2;4224.94
01042466353;Arnaud;Anissa;2025;2;10859.66
80092808146;Garnier;Valérie;2025;2;912.42
83081819594;Lacroix;Justine;2025;2;1413.19
95042686884;Blanchard;Mathieu;2025;2;1310.45
99011389426;Brunet;Anissa;2025;2;937.34
87111225330;Garcia;Aïcha;2025;2;4781.17
97022402941;Lambert;Aïcha;2025;2;4672.32
80080618018;Clément;Camille;2025;2;4522.45
4012647430;Meunier;Amélie;2025;2;1.55
89060582563;Simon;Laura;2025;2;7338.02
82112892831;Roy;Hugo;2025;2;877.99
00011511949;Guérin;Aïcha;2025;2;11589.75
04040109516;Dufour;Thomas;2025;2;6041.27
92081963012;Roussel;Aïcha;2025;2;4114.66
77020156665;Marie;Benjamin;2025;2;2175.78
95040107476;Guérin;Mehdi;2025;2;6810.63
82042563475;Rey;Aïcha;2025;2;802.79
95070243101;Durand;Justine;2025;2;3297.84
86092126405;Blanc;Mehdi;2025;2;5321.54
00040748145;Fabre;Quentin;2025;2;11733.64
83010890820;Martin;Adam;2025;2;8504.26
80112140642;Aubert;Salima;2025;2;3560.67
84080925831;Simon;Camille;2025;2;2689.88
2000036002;Legrand;Inès;2025;2;693.18
98042108315;Aubert;Élise;2025;2;4264.52
83120261090;Marie;Rachid;2025;2;1576.67
81102894286;Olivier;Sophie;2025;2;2171.39
83071094958;Meyer;Salima;2025;2;4392.64
04020792658;Fabre;Louis;2025;2;2678.61
89062972426;Olivier;Nicolas;2025;2;5042.68
85051490213;Denis;Romain;2025;2;1602.23
83070666178;Masson;Pauline;2025;2;3075.32
74011572102;Barbier;Nora;2025;2;2.85
71092769252;Lambert;Inès;2025;2;4156.15
87022677394;Roger;Grégory;2025;2;7297.78
83111248406;Gérard;Manon;2025;2;2198.40
02022813085;Blanchard;Bilal;2025;2;3822.80
92042656236;Caron;Élise;2025;2;1352.12
90092773916;Dumas;Mehdi;2025;2;3165.35
98012588542;Lemaire;Rachid;2025;2;1193.14
02021748164;Colin;Sophie;2025;2;5627.89
96042168055;Gaillard;Samira;2025;2;899.92
88060416949;Marchand;Manon;2025;2;12469.18
03032445901;Clément;Pierre;2025;2;6488.76
82052738973;Lacroix;Nora;2025;2;2080.04
80120532231;Moreau;Mehdi;2025;2;7898.12
90041996988;Boyer;Maxime;2025;2;3958.81
04061734081;Olivier;Céline;2025;2;1080.06
92012222287;Roy;Sophie;2025;2;3765.74
99060531111;Roussel;Amélie;2025;2;1219.92
93050200679;Blanc;Maxime;2025;2;3313.91
93010874109;Caron;Mathieu;2025;2;2533.12
99061409752;Mercier;Julien;2025;2;1757.12
88102551967;Moreau;Laura;2025;2;5529.04
01031183075;Bourgeois;Sophie;2025;2;6102.37
93090958891;Boyer;Anissa;2025;2;1785.10
80042467819;Picard;Yasmina;2025;2;2873.98
80031158312;Garnier;Valérie;2025;2;4277.40
92120280782;Gauthier;Damien;2025;2;9300.19
83050339136;Dufour;Fatima;2025;2;33340.78
89071129730;Fabre;Élise;2025;2;1994.40
90051389954;Joly;Samira;2025;2;6168.37
83101258790;Olivier;Cédric;2025;2;2053.28
91111480980;Simon;Louis;2025;2;2008.89
80102420351;Gautier;Justine;2025;2;3057.71
84071661539;Picard;Marine;2025;2;2778.88
80090704731;Moreau;Samira;2025;2;10644.14
02050378408;Bourgeois;Julien;2025;2;1617.84
91031617318;Duval;Thomas;2025;2;4033.61
94010189091;Garnier;Fatima;2025;2;3500.87
81042858117;Philippe;Chloé;2025;2;1058.71
88081207910;Renard;Nadia;2025;2;5356.13
31457921;Legrand;Aïcha;2025;2;8020.28
98062526815;Leroy;Louis;2025;2;678.04
81030391538;Lemoine;Julien;2025;2;6753.65
81021363610;Nguyen;Laura;2025;2;7317.08
94071049861;Blanc;Mathieu;2025;2;15559.09
88040722187;Roussel;Chloé;2025;2;9462.23
02030243384;Gérard;Laura;2025;2;2119.18
81080359703;Legrand;Chloé;2025;2;2006.05
93011523712;Renard;Julien;2025;2;5150.82
92122275915;Aubert;Laura;2025;2;7404.40
91042504676;Dumont;Claire;2025;2;3554.63
93020651115;Roussel;Fatima;2025;2;1470.02
93012114719;Durand;Claire;2025;2;5259.96
91111612426;Rey;Émilie;2025;2;11259.14
84030739417;Roussel;Adam;2025;2;5840.83
88052839764;Marchand;Élise;2025;2;879.41
88010699105;Gautier;Julien;2025;2;2111.76
81061896148;Lemaire;Sophie;2025;2;7176.85
85100672874;Schmitt;Valérie;2025;2;5367.86
91051722745;Dumont;Nadia;2025;2;4043.60
85070374331;Gautier;Pierre;2025;2;4189.22
02032096282;Gérard;Damien;2025;2;924.88
94042787922;Brunet;Leïla;2025;2;3377.64
91041626332;Blanchard;Romain;2025;2;18732.40
04052456329;Michel;Quentin;2025;2;2388.29
87031179940;Lambert;Ibrahim;2025;2;9089.16
81032131303;Roussel;Sarah;2025;2;604.30
97061286578;Morin;Grégory;2025;2;1686.85
85122476593;Philippe;Élise;2025;2;5326.28
04070640958;Gaillard;Leïla;2025;2;1238.62
97012762824;Chevalier;Salima;2025;2;4932.80
80031848495;Perrin;Nadia;2025;2;1733.50
95040237437;Lucas;Amélie;2025;2;5901.96
90042084783;Gautier;François;2025;2;2881.50
85042040433;Leclerc;Charlotte;2025;2;3383.61
83042838858;Picard;Claire;2025;2;389.06
86101761671;Meyer;Fatima;2025;2;5788.68
94022732280;Payet;Nadia;2025;2;2922.15
98052573922;Gautier;Thomas;2025;2;1267.68
87041033754;Brunet;Hugo;2025;2;2562.98
84092018176;Joly;Youssef;2025;2;431.13
90021321736;Noël;Inès;2025;2;1877.01
85032120796;Simon;Nora;2025;2;3087.53
98072545430;Martin;Vincent;2025;2;2652.23
90062841694;Gaillard;François;2025;2;2295.02
96061260823;Meyer;Quentin;2025;2;1156.53
94060422720;Schmitt;Leïla;2025;2;1765.55
97070785650;Brun;Manon;2025;2;3533.11
85062718259;Moreau;Delphine;2025;2;3757.35
92120381940;Dubois;Vincent;2025;2;662.69
95021901170;Dumas;Sophie;2025;2;4292.52
86041427572;Rey;Pauline;2025;2;11479.83
02020937819;Vincent;Nadia;2025;2;3150.06
96011922267;Dumont;Mathieu;2025;2;1013.00
91061288628;Martin;Mehdi;2025;2;1505.03
01031560088;Barbier;Ibrahim;2025;2;3114.71
92071361902;Fabre;Hugo;2025;2;230.17
88041558070;Rousseau;Youssef;2025;2;4571.19
02060996542;Arnaud;Julien;2025;2;3176.86
81031693318;Noël;Aurélie;2025;2;2212.10
91081739889;Durand;Nora;2025;2;862.35
82022711535;Martin;Benjamin;2025;2;2942.60
91101839972;Renard;Inès;2025;2;560.94
88020763943;Lambert;Julien;2025;2;197.59
99062693617;Lambert;Sébastien;2025;2;1555.06
93091193176;Renard;Anissa;2025;2;3568.92
90111659123;Leclerc;Nadia;2025;2;3724.92
04071995196;Gaillard;Benjamin;2025;2;1977.82
04061629163;Michel;Aïcha;2025;2;1079.40
00021240950;Clément;Delphine;2025;2;3011.99
95012863740;Nguyen;Valérie;2025;2;1546.37
91070861934;Renard;Pierre;2025;2;7424.04
01050751836;Bernard;Thomas;2025;2;6102.64
92101276997;Marchand;Aïcha;2025;2;8436.02
96022757365;Blanc;Émilie;2025;2;6727.14
91071180153;Chevalier;Mehdi;2025;2;6456.86
97051160075;Blanc;Pierre;2025;2;1506.72
87031387895;Noël;Vincent;2025;2;535.04
86040630192;Brunet;Mehdi;2025;2;9631.48
82070962996;Colin;Youssef;2025;2;8629.67
92072427219;Renaud;Benjamin;2025;2;1651.87
91012267402;Dufour;Charlotte;2025;2;3100.95
83122068656;Dufour;Anissa;2025;2;2683.21
91021136665;Mercier;Camille;2025;2;14175.22
89111456984;Vidal;Maxime;2025;2;11969.36
82082639026;Picard;Céline;2025;2;3127.65
85011405556;Meunier;Maxime;2025;2;5260.97
90082765395;Clément;Delphine;2025;2;12273.90
81032405970;Gaillard;Pierre;2025;2;9302.14
82022508528;Schmitt;Mehdi;2025;2;1556.71
00062396466;Bernard;Youssef;2025;2;4458.85
98052347852;Roy;Céline;2025;2;3408.03
93071475452;Caron;Youssef;2025;2;1475.29
89051386666;Vincent;Céline;2025;2;8587.02
84040390818;François;Claire;2025;2;9043.03
88022068988;Caron;Adam;2025;2;11228.14
02061485205;Bourgeois;Rachid;2025;2;719.40
91071757797;Garcia;Louis;2025;2;3042.73
93080554652;Olivier;Louis;2025;2;7363.96
89070558321;Gaillard;Olivier;2025;2;3100.58
6072749959;Lemaire;Laura;2025;2;575.22
92061894801;Lemoine;Quentin;2025;2;8933.43
94050812394;Renaud;Youssef;2025;2;4573.02
00052714183;Fontaine;Laura;2025;2;8622.36
02052639003;Rivière;Nadia;2025;2;5189.42
87092796320;Petit;Julien;2025;2;3752.66
00061498128;Benoit;Olivier;2025;2;1760.94
88072134054;Lefebvre;Chloé;2025;2;2773.04
93111132319;Roy;Inès;2025;2;9153.80
92021140151;Lucas;Marine;2025;2;4453.35
80021364874;Robin;Nicolas;2025;2;7520.05
87040920918;Laurent;Céline;2025;2;12224.58
00030904625;Brun;Émilie;2025;2;14377.45
82032281475;Lacroix;Delphine;2025;2;737.91
82110847418;Garcia;Damien;2025;2;8622.40
99062143784;Vidal;Émilie;2025;2;5451.26
82110218601;Bourgeois;Anissa;2025;2;9277.63
99030829315;Picard;Benjamin;2025;2;7755.13
86022473871;Bourgeois;Delphine;2025;2;655.57
97091274723;Philippe;Nora;2025;2;11546.46
98012478575;Picard;Cédric;2025;2;728.08
97021420766;Noël;Nassim;2025;2;807.11
86082042759;Rousseau;Samira;2025;2;1768.48
87070519774;Aubert;François;2025;2;12994.20
84011121661;Simon;Khalid;2025;2;1506.88
90070164602;Noël;Claire;2025;2;1948.45
87041810051;Renard;Marine;2025;2;996.17
91041329194;Gauthier;Youssef;2025;2;7742.79
82040272790;Gauthier;Valérie;2025;2;5577.85
81072413918;Rivière;Samira;2025;2;2319.39
81021465657;Morin;François;2025;2;672.62
92120767762;Renaud;Élise;2025;2;5273.04
02022371538;Morin;Ibrahim;2025;2;3958.40
89121086710;Garnier;Inès;2025;2;6958.78
84030146529;Roy;Quentin;2025;2;1563.30
04062547891;Colin;Marine;2025;2;1144.72
85081290888;Pierre;Céline;2025;2;667.56
87062353562;Fontaine;Rachid;2025;2;2293.06
83010334455;Legrand;Nora;2025;2;8080.25
90081803414;Chevalier;Céline;2025;2;594.77
94040159519;Renard;Khalid;2025;2;6380.01
93122222486;Lacroix;Ibrahim;2025;2;1454.00
97010409880;Petit;Nicolas;2025;2;10920.23
03062604981;Schmitt;Mathieu;2025;2;1789.03
93071172376;Picard;Élise;2025;2;8434.69
83030221039;Roche;Sophie;2025;2;2373.59
90050225756;Leroy;Romain;2025;2;6723.60
92011387988;Duval;Bilal;2025;2;3230.01
80042156726;Lacroix;Céline;2025;2;8336.60
92062127106;Olivier;Élise;2025;2;2206.67
03050860261;Schmitt;Cédric;2025;2;298.17
83040143050;Renard;Aïcha;2025;2;5735.19
92032361071;Rivière;Chloé;2025;2;2652.56
6012649056;Robin;François;2025;2;6868.91
88082574818;Roche;Hugo;2025;2;1969.61
97040965474;François;Laura;2025;2;5338.14
89020289852;Schmitt;Inès;2025;2;2565.81
04051181669;Lemoine;Fatima;2025;2;3457.02
95051967212;Philippe;Laura;2025;2;4263.82
82081237870;Denis;Charlotte;2025;2;11559.41
98040974207;Martin;Laura;2025;2;1664.38
87021918024;Mercier;Mehdi;2025;2;1807.15
91012201579;Payet;Chloé;2025;2;1054.05
96071469181;Vidal;Sophie;2025;2;927.45
82121548496;Duval;Céline;2025;2;2300.19
90061373036;Lemaire;Ibrahim;2025;2;4336.98
89121232705;Rey;Manon;2025;2;3815.10
01072240801;Henry;Manon;2025;2;382.48
92050352987;Mercier;Nicolas;2025;2;8187.14
81022508606;Petit;Hugo;2025;2;1445.83
84110995336;Blanc;Maxime;2025;2;14960.65
85061311264;Giraud;Sarah;2025;2;9363.16
85100671884;Gaillard;Céline;2025;2;3997.36
95020726183;Joly;Nassim;2025;2;5828.87
81111795918;Arnaud;Damien;2025;2;7240.44
97020398704;Meunier;Sarah;2025;2;3711.32
84020356556;Bernard;Salima;2025;2;5856.94
99020589083;Rivière;Sébastien;2025;2;3545.39
85091364042;Roy;Pauline;2025;2;5437.02
88041293794;Barbier;Vincent;2025;2;4582.31
2070445926;Lemaire;Benjamin;2025;2;9713.02
80072670748;Lemoine;Maxime;2025;2;5714.14
90071085310;Vidal;Valérie;2025;2;9172.43
84022212424;Bourgeois;Inès;2025;2;1201.94
81111830956;Vincent;Vincent;2025;2;3252.30
80041829696;Vincent;Grégory;2025;2;1413.15
89052328160;Denis;Chloé;2025;2;3246.65
84071182576;Marchand;Mehdi;2025;2;6475.29
94060552976;Denis;Pauline;2025;2;3594.98
98030420013;Meyer;François;2025;2;6287.02
02051415516;Arnaud;Mehdi;2025;2;1581.37
82100744174;Bernard;Vincent;2025;2;684.34
98031919058;Petit;Hugo;2025;2;4472.08
88101212773;Arnaud;Claire;2025;2;3405.95
99041187628;Durand;Rachid;2025;2;3297.05
98020830077;Noël;Ibrahim;2025;2;4264.15
80021120295;Blanc;Adam;2025;2;1927.21
87020884973;Michel;Marine;2025;2;1226.48
88020866188;Masson;Nassim;2025;2;10104.94
92071531453;Roy;Nora;2025;2;5097.07
81110697145;Gautier;Louis;2025;2;1110.06
83121546242;Fontaine;Élise;2025;2;10891.38
91091798888;Rousseau;Mathieu;2025;2;3279.49
92030863511;Denis;Mehdi;2025;2;6608.36
04062695074;Lucas;Manon;2025;2;1182.62
99061105587;Gérard;Aïcha;2025;2;2925.21
87082213422;Michel;Delphine;2025;2;726.32
88091241569;Nguyen;Mathieu;2025;2;2743.00
90040385107;Lemoine;Leïla;2025;2;5050.06
84060124873;Joly;Camille;2025;2;7009.00
86040295345;Vidal;Romain;2025;2;6550.32
91052692646;Leroy;Quentin;2025;2;920.71
86062163204;Brunet;Valérie;2025;2;3923.44
84062281540;Blanchard;Louis;2025;2;313.01
84012051772;Roy;Bilal;2025;2;3220.68
92041163426;Lucas;Grégory;2025;2;4952.34
88082052503;Rey;Pierre;2025;2;406.85
96042007907;Payet;Aïcha;2025;2;1876.49
83092897192;Perrin;Sophie;2025;2;2080.12
82070737027;Morin;Amélie;2025;2;5948.79
85072628095;Petit;Thomas;2025;2;2857.64
85052166837;Joly;Aïcha;2025;2;1355.71
99042805152;Lemoine;Aïcha;2025;2;1690.59
83051948742;Roche;Ibrahim;2025;2;7434.12
81080391078;Michel;Maxime;2025;2;160.06
81022622828;Brunet;Mathieu;2025;2;2359.99
87011227931;Rivière;Thomas;2025;2;3349.16
00030803368;Marie;Amélie;2025;2;11248.66
87063076312;Gauthier;Nora;2025;2;2480.60
89022617753;Fabre;Anissa;2025;2;552.03
89102139343;Roy;Sophie;2025;2;4114.62
87080948759;Boyer;Benjamin;2025;2;3890.19
01051116674;Dubois;François;2025;2;6012.35
03031980497;Gautier;Thomas;2025;2;10385.46
91022677678;Arnaud;Quentin;2025;2;742.83
98021755834;Blanc;Ibrahim;2025;2;627.63
80091051951;Clément;Anissa;2025;2;9963.92
90022692109;Colin;Benjamin;2025;2;2377.22
90100198473;Payet;Émilie;2025;2;4053.06
87041690384;Schmitt;Thomas;2025;2;1241.89
94060586828;Arnaud;Anissa;2025;2;3227.70
93051891449;Garcia;Marine;2025;2;3996.85
94050164771;Roussel;Julien;2025;2;7624.74
90101325653;Legrand;Maxime;2025;2;1232.20
88032243793;Nguyen;Grégory;2025;2;4620.62
89011909646;Guérin;Delphine;2025;2;4407.90
93021506297;Garcia;Grégory;2025;2;3396.90
82120292644;Picard;Louis;2025;2;2243.78
92051031789;Rivière;Chloé;2025;2;5810.91
80120131561;Blanc;Manon;2025;2;5507.64
88042584587;Laurent;Delphine;2025;2;1932.88
81101751765;Marchand;Chloé;2025;2;5490.47
88081491980;Henry;Sarah;2025;2;9327.56
99040411133;Gautier;Sophie;2025;2;8077.86
98031309542;Meunier;Anissa;2025;2;5415.24
84012680589;Mercier;Yasmina;2025;2;5316.38
86072736105;Muller;Mathieu;2025;2;2749.81
02040529047;Henry;Émilie;2025;2;1623.50
82111875618;Roy;Nassim;2025;2;3004.32
02010860212;Gautier;Charlotte;2025;2;941.65
87060750389;Perrin;Damien;2025;2;1279.08
91041298908;Lambert;Sébastien;2025;2;7111.24
87080463858;Joly;Pauline;2025;2;17589.68
00010685073;Legrand;Julien;2025;2;305.00
81020107261;Bernard;Pauline;2025;2;3461.34
01041392326;Lemoine;Sarah;2025;2;1360.21
93081476647;Nguyen;Élise;2025;2;1952.16
98032769193;Blanc;Leïla;2025;2;599.93
86050744027;Vincent;Yasmina;2025;2;11955.10
87080751888;Fontaine;Marine;2025;2;3366.31
98012898942;Brun;Thomas;2025;2;1009.44
89041296686;Meunier;Bilal;2025;2;1704.60
86102828176;Lemaire;Céline;2025;2;4656.98
81051378279;Pierre;Aurélie;2025;2;1515.41
84022530247;Moreau;Sébastien;2025;2;1449.68
02060493627;Denis;Aïcha;2025;2;1093.79
85110387128;Boyer;Olivier;2025;2;4141.18
83061551445;Lucas;Pauline;2025;2;4973.22
82020729369;Renaud;Pierre;2025;2;4913.70
88060160294;Dubois;Aurélie;2025;2;9138.16
99041954126;Henry;Manon;2025;2;5315.42
92101765264;Mathieu;Sarah;2025;2;864.67
91042191011;Bernard;Benjamin;2025;2;2755.70
84112567330;Michel;Youssef;2025;2;3203.53
84121023651;Chevalier;Cédric;2025;2;9958.17
81100643490;Blanchard;Cédric;2025;2;1692.97
86060443730;Picard;Julien;2025;2;5635.46
89032007551;Lemoine;Salima;2025;2;9230.83
93091310071;Lefebvre;Fatima;2025;2;2129.99
90052845053;Marchand;Pierre;2025;2;1627.86
81070666730;Picard;Karim;2025;2;5267.41
93122559513;Michel;Manon;2025;2;822.39
90041161602;François;Inès;2025;2;8220.99
89040694001;Brunet;Pierre;2025;2;8937.62
02010819630;Dumont;Sébastien;2025;2;1823.86
92061085741;Colin;Youssef;2025;2;7189.99
88032880332;Gérard;Nadia;2025;2;9230.65
00012805613;Henry;Laura;2025;2;2226.91
88101295323;Blanchard;Benjamin;2025;2;5766.32
93112796363;Bernard;Nassim;2025;2;2061.80
82041687804;Meunier;François;2025;2;322.68
88120312271;Denis;Valérie;2025;2;1819.68
91061482925;Joly;Anissa;2025;2;1246.98
90031367867;Brunet;Amélie;2025;2;6997.40
85010696169;Martin;Khalid;2025;2;10048.31
89030493757;Barbier;Sébastien;2025;2;3774.77
99031306791;Aubert;Sébastien;2025;2;1736.46
01051817846;Picard;Aïcha;2025;2;5590.16
94021531955;Aubert;Mathieu;2025;2;13704.36
84112206747;Moreau;Élise;2025;2;1709.90
04060236620;Lemaire;Sarah;2025;2;883.80
99020605317;Chevalier;Sébastien;2025;2;5550.41
97052647739;Roussel;Salima;2025;2;637.83
87040997033;Lemoine;Chloé;2025;2;7878.06
91040834395;Gaillard;Valérie;2025;2;7341.54
77071260819;Masson;Salima;2025;2;10478.80
99011583327;Gérard;Damien;2025;2;243.08
92052505003;Renard;Nassim;2025;2;6120.77
87111429921;Bourgeois;Pierre;2025;2;1481.97
91070228761;Mathieu;Aurélie;2025;2;8668.15
93022619819;Dumas;Ibrahim;2025;2;10754.30
85111969911;Clément;Sophie;2025;2;997.19
93090121426;Gaillard;Delphine;2025;2;1446.13
92041945661;Pierre;Youssef;2025;2;2586.09
80031643213;Henry;Benjamin;2025;2;909.10
86080681888;Dubois;Julien;2025;2;394.01
89072272053;Noël;Nicolas;2025;2;792.36
92122498520;Roussel;Olivier;2025;2;1982.14
93011680593;Mercier;Julien;2025;2;2891.62
00032788108;Renard;Delphine;2025;2;4601.65
82081899450;Garnier;Sébastien;2025;2;13443.84
81100331211;Robin;Chloé;2025;2;7136.01
91032265139;Leclerc;Pierre;2025;2;1815.16
99031203556;Joly;Olivier;2025;2;2834.21
96011640076;Roger;Pierre;2025;2;3988.32
91011529014;Garcia;Julien;2025;2;4153.66
95030746283;Boyer;Marine;2025;2;8929.95
92110716483;Dubois;Inès;2025;2;13337.92
98010505121;Marie;Romain;2025;2;357.85
82072631297;Fabre;Yasmina;2025;2;2813.77
91030369184;Colin;Nicolas;2025;2;3734.71
00011850855;Mathieu;Delphine;2025;2;10002.43
80042218389;Bourgeois;Karim;2025;2;1350.95
95040818051;François;Julien;2025;2;7396.75
97060356863;Mathieu;Louis;2025;2;1563.40
91122320731;Morin;Delphine;2025;2;1291.14
87011977603;François;Yasmina;2025;2;5167.70
97051953297;Lemoine;Karim;2025;2;625.21
82082485608;Roche;Amélie;2025;2;7088.69
93110787671;Lemoine;Valérie;2025;2;4968.76
88042666147;Schmitt;Aïcha;2025;2;8292.40
92111879196;Denis;Ibrahim;2025;2;4284.24
97031756216;Renaud;Sébastien;2025;2;7799.38
81011256210;Vidal;Camille;2025;2;10545.94
81051332848;Joly;Claire;2025;2;1684.28
87102496023;Schmitt;Olivier;2025;2;2595.49
04022331988;Dumas;Leïla;2025;2;4864.68
85101553693;Guérin;Romain;2025;2;6666.46
86100551052;Chevalier;Élise;2025;2;12788.82
92121882173;Legrand;Antoine;2025;2;4246.64
99121945769;Bernard;Sophie;2025;2;2821.63
94122109374;Perrin;Bilal;2025;2;5571.04
93120446891;François;Nora;2025;2;12977.46
84101149341;Dumas;Adam;2025;2;8525.19
84062649249;Renard;Olivier;2025;2;4399.78
83102599370;Garcia;Olivier;2025;2;9406.31
85072288397;Robin;Delphine;2025;2;652.42
92121592262;Dubois;Aurélie;2025;2;2900.83
01022065570;Colin;Mehdi;2025;2;482.08
89031197701;Lacroix;Hugo;2025;2;4651.92
90020352924;Lambert;Nassim;2025;2;8382.08
92102285995;Lefebvre;Vincent;2025;2;1140.21
92050705058;Renard;Émilie;2025;2;1916.73
82012340750;Lefebvre;Damien;2025;2;381.57
87052122141;Lambert;Grégory;2025;2;3076.63
86052264254;Marchand;Charlotte;2025;2;4752.44
02040331879;Petit;Émilie;2025;2;1017.01
89020439906;Schmitt;Yasmina;2025;2;1038.77
81110985670;Meunier;Marine;2025;2;1351.35
81032843856;Perrin;Cédric;2025;2;307.17
82010532887;Meunier;Hugo;2025;2;6234.22
87120957497;Lemaire;Antoine;2025;2;3944.40
97050230063;Marie;Olivier;2025;2;4767.88
81021749333;Petit;Valérie;2025;2;1833.29
02012218905;Dufour;Laura;2025;2;3356.20
80082204066;Dubois;Leïla;2025;2;1185.18
91030369283;Lemoine;Olivier;2025;2;6904.95
80071932954;Gérard;Valérie;2025;2;2667.58
91031585347;Moreau;Romain;2025;2;7758.21
81031815656;Gérard;Pierre;2025;2;492.77
80042075463;Lemoine;Samira;2025;2;1245.11
85030485159;Marie;Antoine;2025;2;3925.15
88032772345;Marie;Thomas;2025;2;3330.21
80030405967;Simon;Romain;2025;2;10855.21
93010224506;Morin;Anissa;2025;2;3273.59
83041205595;Clément;Mathieu;2025;2;4924.55
88101685303;Rousseau;Sophie;2025;2;7710.52
03011694730;Payet;Louis;2025;2;13633.93
02062669890;Legrand;Camille;2025;2;2601.72
04061943622;Garcia;Antoine;2025;2;3863.04
00060783296;Bourgeois;Samira;2025;2;4504.19
84080376790;Lefebvre;Laura;2025;2;1813.42
03071506811;Rivière;Salima;2025;2;3038.92
84090949394;Lambert;Youssef;2025;2;12767.52
83061172947;Marchand;Aurélie;2025;2;4873.86
84011060887;Garcia;Chloé;2025;2;1376.71
90041453689;Marie;François;2025;2;12682.48
89070890891;Aubert;Marine;2025;2;2519.94
82041106891;Fabre;Vincent;2025;2;2899.44
84010447314;Giraud;Karim;2025;2;5450.35
83012109852;Leroy;Camille;2025;2;1807.47
03060648254;Laurent;Khalid;2025;2;2376.72
94080866756;Marchand;Nassim;2025;2;5749.34
80010295887;Simon;Khalid;2025;2;5636.93
04050254330;Meunier;Laura;2025;2;4085.38
90070142331;Marchand;Ibrahim;2025;2;3245.18
94102548137;Petit;Amélie;2025;2;1152.35
89060730340;Rousseau;Pierre;2025;2;10550.76
88072802265;Aubert;Antoine;2025;2;5827.59
00060434690;Perrin;Céline;2025;2;1854.25
86051849431;Leroy;Claire;2025;2;1513.88
85120778402;Dumont;Benjamin;2025;2;8698.85
85041118042;Roy;Sophie;2025;2;4047.91
88011861323;Nguyen;Inès;2025;2;3104.70
84102407767;Schmitt;Mehdi;2025;2;7963.41
97010747895;Laurent;Justine;2025;2;3014.74
86092252109;Martin;Cédric;2025;2;3833.91
97021988514;Leroy;Amélie;2025;2;2580.59
94092549714;Renard;Bilal;2025;2;5103.84
81061823892;Duval;Khalid;2025;2;2681.77
85082040461;Arnaud;Mehdi;2025;2;1270.15
03071494636;Gaillard;Inès;2025;2;214.22
91051703543;Dufour;Benjamin;2025;2;3464.12
90091479460;Pierre;Amélie;2025;2;4337.39
97020424636;Gauthier;Justine;2025;2;7270.28
89110570029;Fontaine;François;2025;2;2967.71
80040102108;François;Adam;2025;2;2913.22
99062759933;Schmitt;Marine;2025;2;1804.93
85100517773;Roy;Nora;2025;2;4098.22
92092881747;Leroy;Camille;2025;2;1377.57
82071148979;Gérard;Aurélie;2025;2;12487.70
83061479090;Roussel;Salima;2025;2;236.40
83101484860;Colin;Ibrahim;2025;2;3435.31
01031671243;Lacroix;Olivier;2025;2;2482.76
90092304851;Olivier;Vincent;2025;2;2395.35
91091984475;Pierre;Amélie;2025;2;1519.00
99041917997;Giraud;Antoine;2025;2;7210.50
91080637257;Perrin;Benjamin;2025;2;4522.61
81060481037;Leclerc;Karim;2025;2;4190.51
90022733778;Lefebvre;Amélie;2025;2;7125.72
83121020957;Roy;Fatima;2025;2;2753.63
96083155703;Bourgeois;Youssef;2025;2;7294.14
04061923430;Lefebvre;Marine;2025;2;400.29
95052126469;Meyer;Céline;2025;2;1557.38
97022410463;Noël;Bilal;2025;2;3884.82
98021722873;Martin;Sébastien;2025;2;3689.55
81090877570;Pierre;Sophie;2025;2;6707.90
93080660461;François;François;2025;2;1870.44
88120739071;Meyer;Charlotte;2025;2;11461.02
04061840979;Mercier;Marine;2025;2;17494.81
88121733223;Meyer;Youssef;2025;2;2796.36
5053039241;Payet;Khalid;2025;2;183.16
87061398707;Schmitt;Benjamin;2025;2;5147.92
91102190162;Garcia;Nadia;2025;2;661.50
00042078629;Philippe;Salima;2025;2;2053.85
93080228119;Roche;Samira;2025;2;5132.27
4050551367;Laurent;Delphine;2025;2;2712.87
92032188352;Benoit;Claire;2025;2;4015.47
85031031032;Mercier;Yasmina;2025;2;8902.59
02071751763;Laurent;Laura;2025;2;724.71
04011484816;Gaillard;Quentin;2025;2;6000.30
99020351335;Marchand;Khalid;2025;2;265.96
00050112011;Pierre;Karim;2025;2;5342.92
89070127066;Nguyen;Justine;2025;2;4030.52
04020504034;Garcia;Nora;2025;2;336.80
03040436226;Morin;Fatima;2025;2;8944.53
00010366656;Arnaud;Ibrahim;2025;2;796.08
88050898477;Olivier;Céline;2025;2;3702.91
04072449811;Simon;Chloé;2025;2;297.60
93050821776;Bourgeois;Laura;2025;2;6355.06
89040719141;Martin;Manon;2025;2;2488.69
98052764853;Rivière;Charlotte;2025;2;7007.97
01062445185;Lemaire;Nora;2025;2;554.24
84051168211;Leclerc;Nora;2025;2;3593.17
96051106507;Henry;Élise;2025;2;234.52
01062823188;Perrin;Charlotte;2025;2;1964.53
94071619389;Nguyen;Antoine;2025;2;2457.90
95040202102;Dubois;Youssef;2025;2;4759.35
02050249932;Benoit;Leïla;2025;2;1471.13
00032641024;Renaud;Sophie;2025;2;9147.75
99041008474;Roche;Émilie;2025;2;9068.94
94031142477;Noël;Khalid;2025;2;13158.83
91120997967;Colin;Olivier;2025;2;3075.26
90062575440;Olivier;Valérie;2025;2;7104.50
94121037921;Laurent;Khalid;2025;2;12166.85
92112528405;Dufour;Chloé;2025;2;7659.13
93092233551;Vidal;Sophie;2025;2;1550.84
96021442323;Guérin;Mehdi;2025;2;9335.02
94032064472;Joly;Mehdi;2025;2;1604.11
90082175180;Roche;Élise;2025;2;4521.13
86102346443;Rivière;Charlotte;2025;2;214.60
85121860050;Rey;Maxime;2025;2;11365.09
80071203969;Petit;Khalid;2025;2;1137.06
85071638202;Nguyen;Mathieu;2025;2;6507.52
99011757135;Fabre;Nassim;2025;2;6095.92
80120762358;Michel;Adam;2025;2;7206.57
88111994423;Blanc;Salima;2025;2;1575.59
80041808516;Laurent;Émilie;2025;2;1748.52
92090828515;Garcia;Aurélie;2025;2;6576.30
81060690675;Marchand;Benjamin;2025;2;10179.32
94081988095;Brunet;Fatima;2025;2;9692.02
96062272492;Durand;Romain;2025;2;574.86
92061104151;Lefebvre;Valérie;2025;2;2601.15
82100782380;Benoit;Quentin;2025;2;3444.07
81011991331;Joly;Youssef;2025;2;10028.87
84101926232;Blanchard;François;2025;2;3584.93
94041167428;Robin;Vincent;2025;2;4791.39
91012791893;Boyer;Damien;2025;2;9263.96
02012858610;Dufour;Louis;2025;2;5735.10
00030954511;Roche;Émilie;2025;2;1635.27
94082175365;Brunet;Amélie;2025;2;2256.01
94112516371;Brun;Aurélie;2025;2;882.76
86071667719;Giraud;Grégory;2025;2;3948.57
99042872260;Picard;Sophie;2025;2;2260.90
87021347704;Robin;Marine;2025;2;10425.59
86011128039;Michel;Damien;2025;2;10504.91
02012420427;Blanchard;Manon;2025;2;7529.09
92021585658;Roger;Inès;2025;2;3400.58
85062443194;Fontaine;Adam;2025;2;2752.44
88120449160;Mercier;Romain;2025;2;2065.63
83081303516;Lacroix;Olivier;2025;2;7447.95
83050757226;Lemaire;Cédric;2025;2;1455.64
04021513923;Blanchard;Céline;2025;2;4097.48
87090864733;Petit;Manon;2025;2;915.18
98021443553;Roger;Anissa;2025;2;4256.11
82031414514;Leclerc;Bilal;2025;2;19832.75
85061609588;Noël;Mathieu;2025;2;4580.98
87092381990;Gautier;Hugo;2025;2;1113.45
91040148071;Garnier;Romain;2025;2;6187.33
80110411072;Benoit;Karim;2025;2;2197.55
82090605991;Rousseau;Pauline;2025;2;13706.43
83101710435;Arnaud;Valérie;2025;2;3424.20
90022319549;Dubois;Olivier;2025;2;2923.58
94050135770;Garnier;Mathieu;2025;2;8776.01
91081910927;Colin;Valérie;2025;2;3660.47
87061969819;Roy;François;2025;2;11155.66
94090904672;Meyer;Valérie;2025;2;8395.17
92122289276;Bourgeois;Fatima;2025;2;1268.19
82042558131;Gaillard;Cédric;2025;2;2011.99
91060911813;Vincent;Ibrahim;2025;2;8368.80
92051098996;Duval;Grégory;2025;2;5358.98
93060998165;Gautier;Nora;2025;2;6774.67
90040101035;Brunet;Grégory;2025;2;4430.58
86080850748;Denis;Chloé;2025;2;3143.84
91101561345;Pierre;Sébastien;2025;2;2333.36
04030870067;Roy;Quentin;2025;2;2778.91
89102323643;Michel;Élise;2025;2;4611.75
91100183351;Bourgeois;Thomas;2025;2;3649.78
89091066693;Dubois;Adam;2025;2;3795.83
97020497484;Garnier;Nicolas;2025;2;1310.03
86050688401;Colin;Karim;2025;2;4411.40
85110968435;Philippe;Sarah;2025;2;5364.10
94021443962;Bernard;Laura;2025;2;8087.52
90050161222;Picard;Nora;2025;2;11805.09
84042215606;Laurent;Louis;2025;2;1300.93
89091628701;Lucas;Samira;2025;2;4756.50
84071673516;Roche;Benjamin;2025;2;6620.80
91080260046;Lefebvre;Damien;2025;2;1846.43
94090983559;Lemaire;Nadia;2025;2;1470.80
81101038222;Philippe;Élise;2025;2;11884.55
89070307012;Roy;Samira;2025;2;11805.45
83121758652;Philippe;Damien;2025;2;2569.82
88080929974;Chevalier;Pierre;2025;2;818.50
92030327536;Barbier;Inès;2025;2;5136.59
93121568628;Gauthier;Bilal;2025;2;10244.99
76011749417;Pierre;Justine;2025;2;5168.77
93000318133;Chevalier;Olivier;2025;2;4747.94
95101871930;Lucas;Bilal;2025;2;2089.19
79022446305;Vincent;Samira;2025;2;6562.41
84011458191;Garcia;Olivier;2025;2;10715.61
81032367566;Philippe;Sarah;2025;2;10458.75
84061861470;Masson;Maxime;2025;2;799.48
91110881461;Roy;Pierre;2025;2;4896.40
89071769534;Blanchard;Nora;2025;2;9684.87
88091156645;Dumas;Sophie;2025;2;3010.77
98103065192;Meunier;Delphine;2025;2;1701.21
89071283148;Vidal;Youssef;2025;2;3814.71
98000324970;Muller;Maxime;2025;2;4106.27
98122461036;Robin;Camille;2025;2;2366.53
1090349909;Caron;Nicolas;2025;2;2370.19
4020551940;Garnier;Charlotte;2025;2;5759.77
83101076569;François;Bilal;2025;2;10435.75
65012161926;Olivier;Nassim;2025;2;4825.12
79111365512;Dufour;Hugo;2025;2;4689.21
81062265342;Dumont;Fatima;2025;2;6299.62
95032077163;Leroy;Bilal;2025;2;266.46
86021561081;Boyer;Yasmina;2025;2;4758.80
90110970720;Lacroix;Khalid;2025;2;7803.91
93100574561;Gérard;Nassim;2025;2;13585.12
3051035158;Laurent;Chloé;2025;2;2034.55
78000265550;Mathieu;Cédric;2025;2;7046.09
96061082164;Barbier;Amélie;2025;2;4339.12
76102959507;Lemaire;Pauline;2025;2;11064.44
92081878284;Meyer;Aurélie;2025;2;5919.24
99040666501;Renaud;Émilie;2025;2;11263.17
99012678635;Denis;Maxime;2025;2;3379.15
93050850777;Blanchard;Bilal;2025;2;2158.59
93120865476;Renard;Sarah;2025;2;3400.76
2100631930;Meunier;Aurélie;2025;2;1189.47
87000222587;Renaud;Hugo;2025;2;8289.47
98062678550;Aubert;Mathieu;2025;2;1644.87
89041167618;Robin;Chloé;2025;2;5821.83
80120649225;Blanc;Bilal;2025;2;14084.10
86060159955;Moreau;Quentin;2025;2;6897.28
74040852046;Arnaud;François;2025;2;10330.98
87032159145;Schmitt;Samira;2025;2;11648.72
82091565501;Roy;Manon;2025;2;8043.27
90040376791;Colin;Émilie;2025;2;7834.21
77050582793;Clément;Nicolas;2025;2;646.13
86112462058;Leroy;Nadia;2025;2;3942.25
90050970775;Rousseau;Youssef;2025;2;4147.60
82042076101;Michel;Émilie;2025;2;3084.69
85010959950;Boyer;Khalid;2025;2;1679.69
5073147737;Dumont;Youssef;2025;2;3649.37
91032363525;Blanc;Grégory;2025;2;6258.19
4041345968;Blanc;Marine;2025;2;856.51
94032058237;Morin;Youssef;2025;2;6769.58
98050951943;Meunier;Mehdi;2025;2;3866.23
75061762101;Roy;Leïla;2025;2;648.61
84101080550;Marchand;François;2025;2;2390.82
5060532094;Leclerc;Maxime;2025;2;655.82
98081189120;Lambert;Yasmina;2025;2;1918.72
1102731958;Masson;Céline;2025;2;754.91
82020461729;Gérard;Pierre;2025;2;10724.24
78120177742;Rousseau;Charlotte;2025;2;4817.07
91020184778;Roche;Quentin;2025;2;2102.71
93122078174;Nguyen;Benjamin;2025;2;2377.60
93102170113;Garnier;Pauline;2025;2;2897.66
99100250334;Roche;Delphine;2025;2;1463.67
84041068135;Mercier;Vincent;2025;2;2725.09
82121149313;Petit;Aurélie;2025;2;1445.88
83082563031;Boyer;Julien;2025;2;8158.19
94052473965;Schmitt;Aïcha;2025;2;3097.67
78081571544;Martin;Charlotte;2025;2;606.20
90011356767;Nguyen;Karim;2025;2;4185.02
95031855251;Lemaire;Fatima;2025;2;2532.86
78021950295;Legrand;Justine;2025;2;6169.20
3042950605;Lacroix;Khalid;2025;2;2468.88
99000345381;Renard;Adam;2025;2;2572.80
89081954831;Brunet;Aïcha;2025;2;4664.74
84060354705;Pierre;Olivier;2025;2;997.57
88090178727;François;Nicolas;2025;2;575.83
84051073981;Simon;Louis;2025;2;3342.82
79060668758;Perrin;Nicolas;2025;2;2738.79
99051184566;Gauthier;Thomas;2025;2;2279.16
89100278329;Laurent;Nassim;2025;2;870.46
67022863147;Meunier;Nora;2025;2;7484.53
96050165310;Legrand;Marine;2025;2;12281.27
3030646352;Arnaud;Pierre;2025;2;4840.68
92050264402;Mercier;Hugo;2025;2;2153.25
96101074175;Blanchard;Delphine;2025;2;2124.60
86100372195;Brun;Antoine;2025;2;9498.03
82090264117;Gaillard;Khalid;2025;2;2214.50
72101650020;Leclerc;Salima;2025;2;405.83
77090179777;Fabre;Sophie;2025;2;6922.07
81072965333;Petit;Samira;2025;2;1601.59
95000431310;Colin;Mathieu;2025;2;395.55
80122564776;Picard;Aïcha;2025;2;9196.23
91091167103;Simon;Pierre;2025;2;2694.67
32255004;Lefebvre;Youssef;2025;2;3464.05
95112961901;Perrin;Camille;2025;2;2682.54
89041564724;Roussel;Khalid;2025;2;3383.13
90041167144;Duval;Sébastien;2025;2;8554.84
84082955705;Muller;Yasmina;2025;2;6217.67
92081974294;Vidal;Charlotte;2025;2;3979.62
1042060339;Caron;Émilie;2025;2;1047.17
80032163449;Lambert;Quentin;2025;2;4066.68
2060231133;Renard;Leïla;2025;2;1718.22
85100560929;Fontaine;Grégory;2025;2;1780.40
80070275739;Colin;Amélie;2025;2;2882.48
88090353723;Renard;Élise;2025;2;1568.77
90121372682;Guérin;Julien;2025;2;6423.25
3061251139;Rey;Damien;2025;2;191.78
3090848314;Roy;Laura;2025;2;3087.67
87050576475;Rousseau;Adam;2025;2;1821.18
83090764776;Fabre;Damien;2025;2;3745.93
99122463532;Chevalier;Justine;2025;2;11717.13
1020653726;François;Pierre;2025;2;7509.02
3013048968;Pierre;Julien;2025;2;3138.53
80090750261;Gaillard;Leïla;2025;2;4343.91
82123055956;Muller;Louis;2025;2;3374.01
91010562378;Colin;Romain;2025;2;379.61
92101066072;Morin;Claire;2025;2;5233.03
91071355842;Lacroix;Ibrahim;2025;2;8179.64
99102674146;Henry;Céline;2025;2;4054.00
5040149525;Guérin;Julien;2025;2;12133.40
88120665728;Lucas;Salima;2025;2;6912.91
98082575131;Gérard;Delphine;2025;2;2941.74
99000318954;Fabre;Romain;2025;2;5096.32
95090573212;Lefebvre;Ibrahim;2025;2;3096.53
96110168223;Noël;Nora;2025;2;2994.52
60140722;Robin;Julien;2025;2;3953.79
94121576963;Roussel;Samira;2025;2;1408.31
92052588442;Barbier;Cédric;2025;2;3815.83
96070660816;Gauthier;Manon;2025;2;5597.21
83052852624;Caron;Antoine;2025;2;13699.69
91092867868;Renard;Pauline;2025;2;1743.75
91101858976;Meunier;Nadia;2025;2;652.47
30752591;Masson;Karim;2025;2;3141.23
1092931988;Vidal;Aïcha;2025;2;1129.24
68091364766;Roche;Anissa;2025;2;13137.19
83090347577;Henry;Aïcha;2025;2;1714.99
112631974;Marchand;Delphine;2025;2;1790.76
87092062979;Dumas;Samira;2025;2;4113.76
89022565491;Dumont;Hugo;2025;2;247.08
97102178216;Dufour;Bilal;2025;2;2869.41
90052457152;Roussel;Marine;2025;2;2440.92
81071249522;Marchand;Céline;2025;2;11198.08
91040279616;Garnier;Inès;2025;2;2541.47
91093072162;Petit;Khalid;2025;2;3044.09
91080180961;Clément;Laura;2025;2;11115.31
98051277783;Barbier;Aurélie;2025;2;636.26
94051253745;Michel;Khalid;2025;2;9747.94
97031968923;Simon;Aurélie;2025;2;757.73
90112066919;Gauthier;Yasmina;2025;2;4140.08
95000086068;Leroy;Pauline;2025;2;7022.15
94061153782;Morin;Maxime;2025;2;2808.26
91110568784;Chevalier;Laura;2025;2;6216.60
1091750073;Renard;Valérie;2025;2;3517.82
96051375335;Lacroix;Fatima;2025;2;2118.06
87112073089;Vincent;Camille;2025;2;3309.82
1021033313;Rey;Pauline;2025;2;2706.17
3000039486;Bourgeois;Quentin;2025;2;2791.18
92051659519;Perrin;Julien;2025;2;8151.02
93060277593;Rivière;Yasmina;2025;2;2100.35
89000225502;Guérin;Élise;2025;2;5089.59
91070872921;Fabre;Cédric;2025;2;2497.20
2000201989;Noël;Claire;2025;2;1343.12
80081363928;Boyer;Inès;2025;2;8235.42
78090872359;Dufour;Sébastien;2025;2;200.15
1120548086;Pierre;Pauline;2025;2;2281.58
88070771007;Vidal;Camille;2025;2;447.57
95071376318;Boyer;Damien;2025;2;8469.98
87081260941;Boyer;Charlotte;2025;2;1188.37
93000308532;Fontaine;Manon;2025;2;1354.77
93010368026;Olivier;Pauline;2025;2;1241.98
90052748350;Henry;Sarah;2025;2;8763.10
87090174746;Barbier;Élise;2025;2;7639.39
91051579621;Joly;Marine;2025;2;1277.72
93113065785;Dumas;Quentin;2025;2;842.93
95040946923;Garnier;Pauline;2025;2;2080.95
83092273325;Dumont;Maxime;2025;2;1700.78
92071954590;Leroy;Rachid;2025;2;9791.28
98043076137;Brun;Justine;2025;2;3549.38
91120755368;Arnaud;Leïla;2025;2;1832.29
95100273905;Brun;Karim;2025;2;1638.39
